LABEL,N_COMPONENTS,MAX_LIST_LEN,TP,FP,TN,FN,TPR,TNR,PPV,NPV,F1,ACCURACY,ROC_AUC,LOG_LOSS
1,7,25,756.0,409.0,3130.0,1151.0,0.39643418982695333,0.8844306301215032,0.6489270386266094,0.7311375846764775,0.4921875,0.7135512302607419,0.7264281754894484,9.893650057181347
2,7,25,1534.0,888.0,1963.0,1061.0,0.5911368015414258,0.6885303402314977,0.6333608587943848,0.6491402116402116,0.6115208291807853,0.6421226588321703,0.6939001898397548,12.360775842122463
3,7,25,210.0,148.0,3984.0,1104.0,0.1598173515981735,0.9641819941916747,0.5865921787709497,0.7830188679245284,0.2511961722488038,0.770106500183621,0.6749509342386186,7.940261914588293
4,7,25,509.0,248.0,3568.0,1121.0,0.3122699386503067,0.9350104821802935,0.6723910171730515,0.7609298357858818,0.42647674905739424,0.7486228424531767,0.7027014925853043,8.682295847373378
5,7,25,822.0,506.0,2893.0,1225.0,0.40156326331216413,0.8511326860841424,0.6189759036144579,0.702525497814473,0.4871111111111111,0.6821520381931693,0.7193886445810882,10.978153972803906
6,7,25,726.0,369.0,3105.0,1246.0,0.36815415821501013,0.8937823834196891,0.663013698630137,0.7136290507929212,0.4734268014346267,0.7034520749173705,0.7212478002337854,10.242456652448126
7,7,25,1607.0,925.0,1834.0,1080.0,0.5980647562337179,0.6647335991301196,0.6346761453396524,0.6293754289636239,0.615826786740755,0.631839882482556,0.6891305957712168,12.715935787627407
