,OBSERVED,P,FDR,STARS
DEPRESSIVE,1.1031852204282893,0.0,0.0,*
ANXIETY,1.066255374987965,0.0,0.0,*
TRAUMA_STRESSOR,1.1059185520607862,0.0,0.0,*
OBSESSIVE_COMPULSIVE,1.06377991101432,0.0,0.0,*
DISRUPTIVE,1.0940334680727375,0.0,0.0,*
SUBSTANCE,1.0703179369061422,0.0,0.0,*
DEVELOPMENTAL,1.3177373288871246,0.0,0.0,*
PSYCHOTIC,1.0588058382596532,0.0,0.0,*
BIPOLAR,1.0201187170958619,0.0,0.0,*
