,OBSERVED,P,FDR,STARS
DEVELOPMENTAL,1.2961185056339166,0.0,0.0,*
PSYCHOTIC,1.0560128063708836,0.0,0.0,*
BIPOLAR,1.0114499035750528,0.0,0.0,*
DEPRESSIVE,1.116656428748751,0.0,0.0,*
ANXIETY,1.065593538449205,0.0,0.0,*
OBSESSIVE_COMPULSIVE,1.044990743641206,0.0,0.0,*
TRAUMA_STRESSOR,1.090679641241955,0.0,0.0,*
DISRUPTIVE,1.1012261484526418,0.0,0.0,*
SUBSTANCE,1.0651927117497604,0.0,0.0,*
