CI_LOWER,CI_UPPER
-0.03460154598838894,0.1356783652882882
-0.07255479396410147,0.12208471613838684
0.005871872755558227,0.1560659729290551
0.021485629014623586,0.14064533861696438
0.0017926570369327655,0.17200199361643476
-0.001524516579361146,0.24233679094125704
-0.03604812266599011,0.15544730584049815
-0.061217615520129165,0.16310886552175896
-0.03421462875886583,0.1782883544666342
