CI_LOWER,CI_UPPER
-0.06500779555618019,0.07104823496092905
-0.044080269053047294,0.06266980820220525
-0.07044458983309093,0.03976552403295541
-0.08541011515029884,0.03917258893283043
-0.06660578978528575,0.03718686752112865
-0.04515216605026395,0.05773336207175861
