CI_LOWER,CI_UPPER
-0.04057496582119213,0.06887025392584267
-0.056349772322605296,0.046182544162943207
-0.06188361272526732,0.03145413461143043
-0.052093941900263285,0.04415892418242484
-0.12248824125469171,-0.007139581832382613
-0.06853777618632917,0.0540164634353415
