CI_LOWER,CI_UPPER
-0.07976355545596359,0.0372117072334649
-0.08308439303062731,0.030889626334194675
-0.04701170609264049,0.05374045724521359
-0.12207808160521616,-0.0011686851383524433
-0.07525721779757727,0.024301646949000943
-0.008515392143992773,0.09366623173197308
