CI_LOWER,CI_UPPER
-0.03897890544494742,0.06408898058182977
-0.061706353474380915,0.04089182992929363
-0.07879251126979514,0.023662084678343853
-0.04189315640946467,0.051118204055575545
-0.10632505847045326,0.006265376182200133
-0.08640909235061478,0.04515094421218402
