CI_LOWER,CI_UPPER
-0.07181885056612236,0.03926636561805197
-0.08157013369352151,0.03528654278778698
-0.0688356781000623,0.03437233601900169
-0.08219358480194217,0.03315204802577887
-0.06092283243494273,0.04538323830596591
-0.0356762707121413,0.0665958690419538
