CI_LOWER,CI_UPPER
-0.045719811848287994,0.056732843274968525
-0.08125538029376467,0.036988455559180955
-0.03751037122098011,0.07807599431562973
-0.030199439813521356,0.07299283407729129
-0.06317467371321361,0.044159493943756956
-0.0860438274043267,0.02533611309414774
