CI_LOWER,CI_UPPER
0.05083409851177739,0.12684224753190265
-0.008131024950687904,0.025348545885775897
-0.00695788049747309,0.00734948925906137
-0.006286449500460367,0.006148962882505271
-0.006261551772387686,0.008143255181700226
-0.0072064040169619314,0.008070136716826104
-0.016146345809892826,0.014876271364160643
-0.007752406471990381,0.008206110064166605
-0.009724265556746492,0.0233147950469747
