CI_LOWER,CI_UPPER
-0.04665674772382089,0.0635554208072181
-0.08148823246048154,0.024530031018787035
-0.04843015343171053,0.05629673463340912
-0.039222624274571016,0.06059141505182075
-0.026093521561871613,0.08561516185690843
-0.06649176471226048,0.05908824036294513
