CI_LOWER,CI_UPPER
-0.026534315123887597,0.08911056684742369
-0.02882881917809721,0.09104373653257736
-0.0597335422483547,0.047170358451372074
-0.0521039297407746,0.06329114937513114
-0.0852643415346005,0.02428697526649215
-0.080795857647745,0.06286432421610844
