CI_LOWER,CI_UPPER
-0.0274770267840605,0.08888265731162259
-0.015097719713162094,0.09500399615520116
-0.06236573500793974,0.047790052057107624
-0.055128500486915755,0.05567476311640829
-0.08031502354810627,0.03636839215935794
-0.09386652561867637,0.03417321255158379
