CI_LOWER,CI_UPPER
-0.03421984151092461,0.08700625721176469
-0.029787934475481004,0.10522058063700945
-0.02892285050424226,0.07869766738479267
-0.04346410419464675,0.08957047174079125
-0.03672873033493629,0.09742224125268517
-0.04984882601279228,0.06537372041261202
