CI_LOWER,CI_UPPER
-0.06921200607902733,0.04437160991332145
-0.08266034662525268,0.06910223908328961
-0.09004107154683927,0.08936547032829789
-0.11226425428753095,0.13759741870439124
-0.1332758882945636,0.13036327876664822
-0.10739672590138483,0.11491134439593087
-0.08096224451165146,0.0686573083677513
-0.13613203403760177,0.07413452027489531
-0.09034832024275874,0.08727614045982268
