CI_LOWER,CI_UPPER
-0.06063489040763481,0.06770112603949807
-0.02290159603333175,0.1195726531915251
-0.05712753149656069,0.06856423442403303
-0.04863725421818521,0.08692198049870603
-0.037534937628376674,0.07459958472810413
-0.029853057325670895,0.0862939701872979
