CI_LOWER,CI_UPPER
-0.012962435904770198,0.10427152650049432
-0.006997472440262165,0.13464506061307646
-0.014487503976561178,0.10384049795452055
-0.026447857838523214,0.10855388557181678
-0.027033735090607136,0.12063928552755654
-0.0321169830554221,0.08971882886264315
