CI_LOWER,CI_UPPER
-0.04991088682545586,0.0700279357794592
-0.05702896420450665,0.055019927375071
-0.048944835429640565,0.056677337590967714
-0.05512227853397844,0.06374584535303818
-0.06340998009445886,0.06367227010243959
-0.05664032908299965,0.06563938639234335
