CI_LOWER,CI_UPPER
-0.01699749755805746,0.11551612405257827
-0.020113647506487253,0.115062822918926
-0.00885303852290742,0.10012287145634635
0.006126268085938413,0.1102642488904837
-0.05270160680942615,0.05952010558878895
-0.028193263612538377,0.09242064470284728
