CI_LOWER,CI_UPPER
-0.07488995022794764,0.06182286127850645
-0.13880560847761636,0.08482784207043959
-0.08551458071084406,0.08858717768807534
-0.07164057750759889,0.048890179273749945
-0.07388942365673778,0.08915213198601701
-0.11651268482087118,0.13183344022565158
-0.10070908461947714,0.08759032670705391
-0.13571599243396504,0.13783449255976843
-0.10488296510147688,0.11060418923998028
