LABEL,N_COMPONENTS,MAX_LIST_LEN,TP,FP,TN,FN,TPR,TNR,PPV,NPV,F1,ACCURACY,ROC_AUC,LOG_LOSS
DEVELOPMENTAL,8,25,0.0,0.0,4372.0,1074.0,0.0,1.0,0.0,0.8027910392948954,0.0,0.8027910392948954,0.5575017335643616,6.811356196866337
PSYCHOTIC,8,25,0.0,0.0,4966.0,480.0,0.0,1.0,0.0,0.9118619170033052,0.0,0.9118619170033052,0.5897895271177339,3.044181540498922
BIPOLAR,8,25,0.0,0.0,4734.0,712.0,0.0,1.0,0.0,0.8692618435549027,0.0,0.8692618435549027,0.6335291733716885,4.515535951740068
DEPRESSIVE,8,25,24.0,23.0,4363.0,1036.0,0.022641509433962263,0.9947560419516643,0.5106382978723404,0.8081126134469346,0.04336043360433604,0.805545354388542,0.6714236550258542,6.716228900652095
ANXIETY,8,25,8.0,3.0,4678.0,757.0,0.01045751633986928,0.9993591113010041,0.7272727272727273,0.8607175712971481,0.020618556701030927,0.8604480352552332,0.6728665317868228,4.819954546258614
OBSESSIVE_COMPULSIVE,8,25,0.0,0.0,5036.0,410.0,0.0,1.0,0.0,0.9247153874403232,0.0,0.9247153874403232,0.6256155679110404,2.6002383991761633
TRAUMA_STRESSOR,8,25,0.0,0.0,4953.0,493.0,0.0,1.0,0.0,0.9094748439221447,0.0,0.9094748439221447,0.664613083061918,3.1266281238874347
COGNITIVE,8,25,0.0,0.0,4763.0,683.0,0.0,1.0,0.0,0.874586852735953,0.0,0.874586852735953,0.6169640060384941,4.331616650334924
