k,FORWARD_ROC_AUC,REVERSE_ROC_AUC
13,0.5369751774159013,0.5581807746267692
