k,FORWARD_ROC_AUC,REVERSE_ROC_AUC
23,0.5333685174660373,0.5772722148259223
