k,FORWARD_ROC_AUC,REVERSE_ROC_AUC
26,0.5228041138800941,0.5680075251670071
