k,FORWARD_ROC_AUC,REVERSE_ROC_AUC
15,0.5295482323327872,0.5640685093819344
