k,FORWARD_ROC_AUC,REVERSE_ROC_AUC
27,0.532577697608282,0.5745136611974252
