k,FORWARD_ROC_AUC,REVERSE_ROC_AUC
11,0.5289737014516867,0.5364522152017585
