k,FORWARD_ROC_AUC,REVERSE_ROC_AUC
14,0.5398399742136005,0.5685204507604157
