k,FORWARD_ROC_AUC,REVERSE_ROC_AUC
38,0.5402624826568662,0.5764873847227022
