k,FORWARD_ROC_AUC,REVERSE_ROC_AUC
17,0.5403234657670123,0.5767557158889521
