k,FORWARD_ROC_AUC,REVERSE_ROC_AUC
35,0.5370600753878619,0.5872590648752248
