k,FORWARD_ROC_AUC,REVERSE_ROC_AUC
8,0.5545265717577855,0.5417881718101087
