k,FORWARD_ROC_AUC,REVERSE_ROC_AUC
18,0.5302556483644599,0.5650340453271179
