k,FORWARD_ROC_AUC,REVERSE_ROC_AUC
24,0.5238998553315097,0.5742026157853973
