k,FORWARD_ROC_AUC,REVERSE_ROC_AUC
22,0.5405205775388265,0.5738838338557835
