k,FORWARD_ROC_AUC,REVERSE_ROC_AUC
21,0.530843821578087,0.5667763874088008
