k,FORWARD_ROC_AUC,REVERSE_ROC_AUC
7,0.5459310919212063,0.5541445040010008
