k,FORWARD_ROC_AUC,REVERSE_ROC_AUC
37,0.5322340573717098,0.5811584497609664
