k,FORWARD_ROC_AUC,REVERSE_ROC_AUC
30,0.5313191354602861,0.5757158361007313
