k,FORWARD_ROC_AUC,REVERSE_ROC_AUC
34,0.5362851912907687,0.5803084490720842
