k,FORWARD_ROC_AUC,REVERSE_ROC_AUC
6,0.5137998942246845,0.5407556548029229
