k,FORWARD_ROC_AUC,REVERSE_ROC_AUC
25,0.5350297489158513,0.5778139232322633
