k,FORWARD_ROC_AUC,REVERSE_ROC_AUC
39,0.5347102631518573,0.5803098553966297
