k,FORWARD_ROC_AUC,REVERSE_ROC_AUC
33,0.5341742839895387,0.5903132089471167
