k,FORWARD_ROC_AUC,REVERSE_ROC_AUC
29,0.5313907941271536,0.5751424386513582
