k,FORWARD_ROC_AUC,REVERSE_ROC_AUC
20,0.5291029136770751,0.5564473905477036
