k,FORWARD_ROC_AUC,REVERSE_ROC_AUC
28,0.5273560030540082,0.5729471267389143
