k,FORWARD_ROC_AUC,REVERSE_ROC_AUC
9,0.5359819261010005,0.5443916032115298
