k,FORWARD_ROC_AUC,REVERSE_ROC_AUC
36,0.53597918174709,0.5842418586106404
