k,FORWARD_ROC_AUC,REVERSE_ROC_AUC
19,0.5318696508241552,0.5635377112308652
