k,FORWARD_ROC_AUC,REVERSE_ROC_AUC
31,0.5348440472816591,0.581032571898281
