k,FORWARD_ROC_AUC,REVERSE_ROC_AUC
32,0.5289776756214954,0.5737555503417135
