k,FORWARD_ROC_AUC,REVERSE_ROC_AUC
5,0.5338843227904337,0.5141595104600054
