k,FORWARD_ROC_AUC,REVERSE_ROC_AUC
10,0.5340932154383058,0.5211129162655082
