k,FORWARD_ROC_AUC,REVERSE_ROC_AUC
16,0.5368542194309215,0.5587383791090395
