k,FORWARD_ROC_AUC,REVERSE_ROC_AUC
12,0.5409510691834934,0.5581256825757108
