k,FORWARD_ROC_AUC,REVERSE_ROC_AUC
40,0.5382257947978218,0.5839134942218484
