,OBSERVED,P,FDR,STARS
DEVELOPMENTAL,0.344569832458955,0.0,0.0,*
PSYCHOTIC,0.24997899045690308,0.0,0.0,*
BIPOLAR,0.19783912538483958,0.0,0.0,*
DEPRESSIVE,0.29041769214577845,0.0,0.0,*
ANXIETY,0.27964280342012016,0.0,0.0,*
OBSESSIVE_COMPULSIVE,0.20440912203524175,0.0,0.0,*
TRAUMA_STRESSOR,0.2985722391102865,0.0,0.0,*
DISRUPTIVE,0.2598671326599658,0.0,0.0,*
SUBSTANCE,0.23240010788711016,0.0,0.0,*
